image_id,image_path,gemma_ingredients,qwen_corrected_ingredients,gemma_ingredient_count,qwen_ingredient_count,tp,fp,fn,precision,recall,f1,exact_match,jaccard,false_negatives,false_positives
0002_jpeg.rf.835f8e5dc0b7b520f3d4a848bb7998ec.jpg,data/raw/train/images/0002_jpeg.rf.835f8e5dc0b7b520f3d4a848bb7998ec.jpg,carrot; cabbage; milk,carrot; cabbage; milk; yogurt; cheese; mustard; hot sauce; soy sauce; water; juice; pickle; leafy greens; tomato; butter; jam,3,15,3,0,12,1.0,0.2,0.3333,0,0.2,butter; cheese; hot sauce; jam; juice; leafy greens; mustard; pickle; soy sauce; tomato; water; yogurt,
0004_jpeg.rf.db67104c6e2411b38b575315e819e3de.jpg,data/raw/train/images/0004_jpeg.rf.db67104c6e2411b38b575315e819e3de.jpg,strawberry; lemon; egg; oat milk,strawberry; leafy greens; bell pepper; onion; lime; lemon; yogurt; egg; oat milk; sandwiches,4,10,4,0,6,1.0,0.4,0.5714,0,0.4,bell pepper; leafy greens; lime; onion; sandwiches; yogurt,
0009_jpeg.rf.0c1625dc5db5a35d83270e76c111b780.jpg,data/raw/train/images/0009_jpeg.rf.0c1625dc5db5a35d83270e76c111b780.jpg,egg; water,mustard; soy sauce; mayonnaise; jam; pickle; yogurt; water; butter; meat; milk; egg; juice; salad; tortilla,2,14,2,0,12,1.0,0.1429,0.25,0,0.1429,butter; jam; juice; mayonnaise; meat; milk; mustard; pickle; salad; soy sauce; tortilla; yogurt,
0013_jpeg.rf.a147b6b2c2efbe662e233e5ec88af8c5.jpg,data/raw/train/images/0013_jpeg.rf.a147b6b2c2efbe662e233e5ec88af8c5.jpg,banana; apple; honey mustard,banana; apple; honey mustard; food containers; frozen bag,3,5,3,0,2,1.0,0.6,0.75,0,0.6,food containers; frozen bag,
0015_jpeg.rf.9aa3585b8d96dea99aaf41f5ecaacb7d.jpg,data/raw/train/images/0015_jpeg.rf.9aa3585b8d96dea99aaf41f5ecaacb7d.jpg,egg; kefir,egg; butter; jam; kefir; yogurt; zucchini; carrot; lemon; eggplant; apple,2,10,2,0,8,1.0,0.2,0.3333,0,0.2,apple; butter; carrot; eggplant; jam; lemon; yogurt; zucchini,
0016_jpeg.rf.e0da1dd3f9f4109a8d9d6c9e53ad980d.jpg,data/raw/train/images/0016_jpeg.rf.e0da1dd3f9f4109a8d9d6c9e53ad980d.jpg,milk; egg,milk; egg; yogurt; mayonnaise; mustard; ketchup; hot sauce; juice; lettuce; carrot; cream cheese; barbecue sauce; pickle; relish; salad dressing,2,15,2,0,13,1.0,0.1333,0.2353,0,0.1333,barbecue sauce; carrot; cream cheese; hot sauce; juice; ketchup; lettuce; mayonnaise; mustard; pickle; relish; salad dressing; yogurt,
0017_jpeg.rf.279fb0f3a7c4fc71b32d890822e223b2.jpg,data/raw/train/images/0017_jpeg.rf.279fb0f3a7c4fc71b32d890822e223b2.jpg,egg; grape; cucumber; lime,egg; grape; cucumber; lime; orange; tomato; meat; lettuce; frozen vegetables; bread,4,10,4,0,6,1.0,0.4,0.5714,0,0.4,bread; frozen vegetables; lettuce; meat; orange; tomato,
0018_jpeg.rf.a40ad1a87817d16c4b77001b9674d0ea.jpg,data/raw/train/images/0018_jpeg.rf.a40ad1a87817d16c4b77001b9674d0ea.jpg,egg; cabbage; cucumber; water,egg; cabbage; cucumber; water; leafy greens; sauces; prepared food containers; mushroom; corn,4,9,4,0,5,1.0,0.4444,0.6154,0,0.4444,corn; leafy greens; mushroom; prepared food containers; sauces,
0027_jpeg.rf.27a7b52b03bcc33ca222ce1754d0b03e.jpg,data/raw/train/images/0027_jpeg.rf.27a7b52b03bcc33ca222ce1754d0b03e.jpg,egg; orange juice; corn,egg; cheese; dr pepper; orange juice; soda cans; yogurt; dip; corn; asparagus; prepared meals; pasta sauce,3,11,3,0,8,1.0,0.2727,0.4286,0,0.2727,asparagus; cheese; dip; dr pepper; pasta sauce; prepared meals; soda cans; yogurt,
0028_jpeg.rf.189bbd71418fb2ec1a32dedf20f619c5.jpg,data/raw/train/images/0028_jpeg.rf.189bbd71418fb2ec1a32dedf20f619c5.jpg,yogurt; egg; lemon; strawberry; tortilla,yogurt; egg; lemon; strawberry; cheese; butter; peanut butter; almond milk; salad greens; meat; mushroom,5,11,4,1,7,0.8,0.3636,0.5,0,0.3333,almond milk; butter; cheese; meat; mushroom; peanut butter; salad greens,tortilla
0034_jpeg.rf.645f9ace4bebab4506b68536be945a2a.jpg,data/raw/train/images/0034_jpeg.rf.645f9ace4bebab4506b68536be945a2a.jpg,milk; pineapple juice; sour cream; cheese; egg; tomato; lemon,milk; pineapple juice; sour cream; cheese; egg; tomato; lemon; red bell peppers; lettuce; yogurt; black tubs; eggplant; packaged meat,7,13,7,0,6,1.0,0.5385,0.7,0,0.5385,black tubs; eggplant; lettuce; packaged meat; red bell peppers; yogurt,
0049_jpeg.rf.8e4a40dea2cfbf026f2199e1dae290a3.jpg,data/raw/train/images/0049_jpeg.rf.8e4a40dea2cfbf026f2199e1dae290a3.jpg,milk; orange juice; cheese; coconut milk,milk; orange juice; cheese; coconut milk yogurt; sour cream; berry; leafy greens; soda cans; vegetable broth; pickle; creamer,4,11,3,1,8,0.75,0.2727,0.4,0,0.25,berry; coconut milk yogurt; creamer; leafy greens; pickle; soda cans; sour cream; vegetable broth,coconut milk
0055_jpeg.rf.2fa6e3e14c1e0efc1e9f2512ae5155ac.jpg,data/raw/train/images/0055_jpeg.rf.2fa6e3e14c1e0efc1e9f2512ae5155ac.jpg,milk; apple,milk; apple; leafy greens; salad dressing; ketchup; mustard; butter; fruit bowl; juice; water; jars of sauce; pickle,2,12,2,0,10,1.0,0.1667,0.2857,0,0.1667,butter; fruit bowl; jars of sauce; juice; ketchup; leafy greens; mustard; pickle; salad dressing; water,
0063_jpeg.rf.5e3e62a677ed876855373c0f84a60118.jpg,data/raw/train/images/0063_jpeg.rf.5e3e62a677ed876855373c0f84a60118.jpg,coca-cola; fanta; apple; bell pepper; lemon; asparagus; parmigiano reggiano; oat milk; water,coca-cola bottles; coca-cola can; jar of pickles; fanta can; blueberry; yogurt tubs; meat package; red apples; cheese block; green bell peppers; avocado; butter tub; chocolate box; parmigiano reggiano; ketchup bottle; water; oat milk cartons; asparagus; lemon; celery,9,20,4,5,16,0.4444,0.2,0.2759,0,0.16,avocado; blueberry; butter tub; celery; cheese block; chocolate box; coca-cola bottles; coca-cola can; fanta can; green bell peppers; jar of pickles; ketchup bottle; meat package; oat milk cartons; red apples; yogurt tubs,apple; bell pepper; coca-cola; fanta; oat milk
0068_jpeg.rf.47824cc74e591c795f348c0bfc7657a4.jpg,data/raw/train/images/0068_jpeg.rf.47824cc74e591c795f348c0bfc7657a4.jpg,milk; orange juice,milk; orange juice; energy drinks; mustard; ketchup; pickle; relish; egg; cheese; butter; yogurt; meat; spring onion; water; sauces; juice,2,16,2,0,14,1.0,0.125,0.2222,0,0.125,butter; cheese; egg; energy drinks; juice; ketchup; meat; mustard; pickle; relish; sauces; spring onion; water; yogurt,
0077_png.rf.bf11c12979a6e57b2e232db354ccae17.jpg,data/raw/train/images/0077_png.rf.bf11c12979a6e57b2e232db354ccae17.jpg,grape; egg,grape; egg; milk; orange juice; ketchup; mustard; pickle; relish; meat; apple; bread; cheese; sauces; yogurt; butter; soda,2,16,2,0,14,1.0,0.125,0.2222,0,0.125,apple; bread; butter; cheese; ketchup; meat; milk; mustard; orange juice; pickle; relish; sauces; soda; yogurt,
0079_jpeg.rf.8b34b144a1a504c0ef4aef30bf86865e.jpg,data/raw/train/images/0079_jpeg.rf.8b34b144a1a504c0ef4aef30bf86865e.jpg,tomato; bell pepper; lettuce; orange; cucumber; lemon; egg; avocado,tomato; bell pepper; lettuce; orange; cucumber; lemon; egg; broccoli; mushroom; bread; melon; watermelon,8,12,7,1,5,0.875,0.5833,0.7,0,0.5385,bread; broccoli; melon; mushroom; watermelon,avocado
0087_jpeg.rf.0759925cc3a4e2b9ce40a5c6b4c157c4.jpg,data/raw/train/images/0087_jpeg.rf.0759925cc3a4e2b9ce40a5c6b4c157c4.jpg,milk; strawberry; cheese; water,milk; strawberry; water; mayonnaise; margarine; juice; bread; grape,4,8,3,1,5,0.75,0.375,0.5,0,0.3333,bread; grape; juice; margarine; mayonnaise,cheese
0089_jpeg.rf.9dce5aaacee0e5e87f89de53b7e77532.jpg,data/raw/train/images/0089_jpeg.rf.9dce5aaacee0e5e87f89de53b7e77532.jpg,pickle; cream cheese; yogurt; mayonnaise; mustard; egg; lemon; carrot; butter,pickle; cream cheese; yogurt; mayonnaise; mustard; egg; jam; carrot; berry; salad greens; tortilla; lemon; herbs; cheese; hot dogs; butter; soda,9,17,9,0,8,1.0,0.5294,0.6923,0,0.5294,berry; cheese; herbs; hot dogs; jam; salad greens; soda; tortilla,
0091_jpeg.rf.aba37cbc7a3c56adb0c9ec5d5c09299d.jpg,data/raw/train/images/0091_jpeg.rf.aba37cbc7a3c56adb0c9ec5d5c09299d.jpg,orange juice; milk; butter,milk; juice; yogurt; butter; prepared meals; meat; lettuce; water; lemon; onion; ketchup; mustard; soy sauce; jam; wine,3,15,2,1,13,0.6667,0.1333,0.2222,0,0.125,jam; juice; ketchup; lemon; lettuce; meat; mustard; onion; prepared meals; soy sauce; water; wine; yogurt,orange juice
0093_jpeg.rf.d54c61dbaeec71cbd0c01c97a9b7d09e.jpg,data/raw/train/images/0093_jpeg.rf.d54c61dbaeec71cbd0c01c97a9b7d09e.jpg,water; strawberry; cabbage; egg,water; ketchup; strawberry; butter; avocado; soda cans; napa cabbage; zucchini; leftovers; salad greens; celery; bell pepper; egg; asparagus; bok choy; mayonnaise; mustard; soy sauce; butter box; juice cartons,4,20,3,1,17,0.75,0.15,0.25,0,0.1429,asparagus; avocado; bell pepper; bok choy; butter; butter box; celery; juice cartons; ketchup; leftovers; mayonnaise; mustard; napa cabbage; salad greens; soda cans; soy sauce; zucchini,cabbage
0097_jpeg.rf.3de971fc80048551ed350d7ba2afee5a.jpg,data/raw/train/images/0097_jpeg.rf.3de971fc80048551ed350d7ba2afee5a.jpg,egg; tomato,lettuce; egg; carrot; grape; strawberry; tomato; juice; milk; lemon; cheese,2,10,2,0,8,1.0,0.2,0.3333,0,0.2,carrot; cheese; grape; juice; lemon; lettuce; milk; strawberry,
0098_jpeg.rf.c877ea95d89c8cacd8ea5bcfb67ebfa8.jpg,data/raw/train/images/0098_jpeg.rf.c877ea95d89c8cacd8ea5bcfb67ebfa8.jpg,milk; egg; orange; lemon,milk; ketchup; butter; yogurt; egg; soy milk; mustard; hot sauce; berry; orange; lemon; leftovers,4,12,4,0,8,1.0,0.3333,0.5,0,0.3333,berry; butter; hot sauce; ketchup; leftovers; mustard; soy milk; yogurt,
0104_jpeg.rf.7789bfa234074b922e32a6e39a357d74.jpg,data/raw/train/images/0104_jpeg.rf.7789bfa234074b922e32a6e39a357d74.jpg,milk; lemon,milk; lemon; yogurt; ketchup; egg; cheese; pickle; butter; meat,2,9,2,0,7,1.0,0.2222,0.3636,0,0.2222,butter; cheese; egg; ketchup; meat; pickle; yogurt,
0110_jpeg.rf.d623a3387633bdc613f20419801ce3cc.jpg,data/raw/train/images/0110_jpeg.rf.d623a3387633bdc613f20419801ce3cc.jpg,egg; milk,egg; milk; cheese; sauce jar; juice carton; food containers; salad; produce,2,8,2,0,6,1.0,0.25,0.4,0,0.25,cheese; food containers; juice carton; produce; salad; sauce jar,
0111_jpeg.rf.d814285e5b9b3f6188dd55894e2aef95.jpg,data/raw/train/images/0111_jpeg.rf.d814285e5b9b3f6188dd55894e2aef95.jpg,egg,egg; milk; juice; strawberry; lettuce; carrot; jam; pickle; butter; yogurt,1,10,1,0,9,1.0,0.1,0.1818,0,0.1,butter; carrot; jam; juice; lettuce; milk; pickle; strawberry; yogurt,
0114_jpeg.rf.666e6d0ab3348a16b23c2f0478347018.jpg,data/raw/train/images/0114_jpeg.rf.666e6d0ab3348a16b23c2f0478347018.jpg,milk; mayonnaise; mustard,milk; mayonnaise; mustard; soda cans; juice cartons; water bottles; bread rolls; ketchup; salad dressing; butter; relish; pickle,3,12,3,0,9,1.0,0.25,0.4,0,0.25,bread rolls; butter; juice cartons; ketchup; pickle; relish; salad dressing; soda cans; water bottles,
0120_jpeg.rf.023949a997e757be94ba899ba68db45a.jpg,data/raw/train/images/0120_jpeg.rf.023949a997e757be94ba899ba68db45a.jpg,almond milk; grape; egg,almond milk; egg; grape; frozen waffles; mustard; yogurt; pickle; salsa; soda cans; water pitcher; pizza; butter; cheese; jam; meat package,3,15,3,0,12,1.0,0.2,0.3333,0,0.2,butter; cheese; frozen waffles; jam; meat package; mustard; pickle; pizza; salsa; soda cans; water pitcher; yogurt,
0124_jpeg.rf.c4320ae1a77ef91ec0e366e8158c2097.jpg,data/raw/train/images/0124_jpeg.rf.c4320ae1a77ef91ec0e366e8158c2097.jpg,sour cream; egg; watermelon,sour cream; egg; watermelon; cheese; yogurt; banana; salad; butter; meat,3,9,3,0,6,1.0,0.3333,0.5,0,0.3333,banana; butter; cheese; meat; salad; yogurt,
0131_jpeg.rf.44a0910142b1c384a062ae5e225eaf54.jpg,data/raw/train/images/0131_jpeg.rf.44a0910142b1c384a062ae5e225eaf54.jpg,"{ ""ingredients"": []; ""uncertain_items"": [ { ""name"": ""unknown packaged item""; ""reason"": ""multiple packaged items on freezer shelves with unreadable labels"" }; { ""name"": ""unknown bottle""; ""reason"": ""multiple bottles in door and main compartment with unreadable labels"" }; { ""name"": ""unknown jar""; ""reason"": ""multiple jars in the door with unreadable labels"" }; { ""name"": ""unknown packaged item""; ""reason"": ""items in the main fridge compartment are too blurry to identify"" } ] }",cereal boxes; frozen waffles; frozen meals; popsicles; egg; milk cartons; soda cans; mustard; mayonnaise; jam; pickle; butter; produce,9,13,0,9,13,0.0,0.0,0.0,0,0.0,butter; cereal boxes; egg; frozen meals; frozen waffles; jam; mayonnaise; milk cartons; mustard; pickle; popsicles; produce; soda cans,"""reason"": ""items in the main fridge compartment are too blurry to identify"" } ] }; ""reason"": ""multiple bottles in door and main compartment with unreadable labels"" }; ""reason"": ""multiple jars in the door with unreadable labels"" }; ""reason"": ""multiple packaged items on freezer shelves with unreadable labels"" }; ""uncertain_items"": [ { ""name"": ""unknown packaged item""; { ""ingredients"": []; { ""name"": ""unknown bottle""; { ""name"": ""unknown jar""; { ""name"": ""unknown packaged item"""
0139_jpeg.rf.d68ac5fa75bf0f0878c8ccca56c4c850.jpg,data/raw/train/images/0139_jpeg.rf.d68ac5fa75bf0f0878c8ccca56c4c850.jpg,egg; watermelon; milk,watermelon; egg; milk; lettuce; salad; butter; juice; food pouches; prepared food containers; meat packages; red produce,3,11,3,0,8,1.0,0.2727,0.4286,0,0.2727,butter; food pouches; juice; lettuce; meat packages; prepared food containers; red produce; salad,
0140_jpeg.rf.4134387cdb294e82931ffffc2521d35f.jpg,data/raw/train/images/0140_jpeg.rf.4134387cdb294e82931ffffc2521d35f.jpg,milk; mayonnaise,milk; mayonnaise; butter; water; wine; ketchup; mustard; soy sauce; beer; carrot; cheese; salad dressing; jam; juice,2,14,2,0,12,1.0,0.1429,0.25,0,0.1429,beer; butter; carrot; cheese; jam; juice; ketchup; mustard; salad dressing; soy sauce; water; wine,
0144_jpeg.rf.ef3933e59e801bcfe6e46266918c0070.jpg,data/raw/train/images/0144_jpeg.rf.ef3933e59e801bcfe6e46266918c0070.jpg,butter; egg; almond milk,soda cans; raw meat; yogurt; cheese; pickle; fruit container; egg; almond milk; butter; salad dressing; juice,3,11,3,0,8,1.0,0.2727,0.4286,0,0.2727,cheese; fruit container; juice; pickle; raw meat; salad dressing; soda cans; yogurt,
0148_jpeg.rf.2a24899be498df88c947a4c8db36e8a1.jpg,data/raw/train/images/0148_jpeg.rf.2a24899be498df88c947a4c8db36e8a1.jpg,egg; lemon; apple; kiwi; bell pepper; beet,yogurt; avocado; sauerkraut; egg; lemon; cheese; spinach; chicken; salad; nectarine; kiwi; beets; bell pepper; tomato,6,14,4,2,10,0.6667,0.2857,0.4,0,0.25,avocado; beets; cheese; chicken; nectarine; salad; sauerkraut; spinach; tomato; yogurt,apple; beet
0149_jpeg.rf.1525ada60b701afecc8be3278e9aaa91.jpg,data/raw/train/images/0149_jpeg.rf.1525ada60b701afecc8be3278e9aaa91.jpg,aloe vera juice,aloe vera juice; egg; salad greens; jars of pickles and sauces; leftover containers; hot sauce; soy sauce; smoothie,1,8,1,0,7,1.0,0.125,0.2222,0,0.125,egg; hot sauce; jars of pickles and sauces; leftover containers; salad greens; smoothie; soy sauce,
0167_jpeg.rf.4ceb7858f4f41339361e24bea0a07dfa.jpg,data/raw/train/images/0167_jpeg.rf.4ceb7858f4f41339361e24bea0a07dfa.jpg,tomato; potato; grape; corn; carrot; orange; apple; onion; cucumber; radish; bell pepper; lime; butter,green bean; jarred tomatoes; potato; grape; mushroom; corn; lettuce; mixed greens; melon; carrot; orange; apple; onion; tomato; cucumber; radishes; bell pepper; lime; yogurt spread,13,19,11,2,8,0.8462,0.5789,0.6875,0,0.5238,green bean; jarred tomatoes; lettuce; melon; mixed greens; mushroom; radishes; yogurt spread,butter; radish
0169_jpeg.rf.65feabb64a3c3f1ccab8dd1d1d5a3d59.jpg,data/raw/train/images/0169_jpeg.rf.65feabb64a3c3f1ccab8dd1d1d5a3d59.jpg,oatmilk; orange juice; egg; bell pepper; apple; lemon,oatmilk; orange juice; sparkling water; yogurt; blueberry; strawberry; grape; salad greens; cheese; egg; sausage; bell pepper; lemon; apple; spring onion,6,15,6,0,9,1.0,0.4,0.5714,0,0.4,blueberry; cheese; grape; salad greens; sausage; sparkling water; spring onion; strawberry; yogurt,
0185_jpeg.rf.2b0c232bcf1b009046eaf86a7b1bf667.jpg,data/raw/train/images/0185_jpeg.rf.2b0c232bcf1b009046eaf86a7b1bf667.jpg,egg; milk; spring onion,soy sauce; mustard; ketchup; mayonnaise; salad dressing; peanut butter; jam; yogurt; apple; strawberry; berry; egg; milk; spring onion; butter; garlic; tomato; leftovers,3,18,3,0,15,1.0,0.1667,0.2857,0,0.1667,apple; berry; butter; garlic; jam; ketchup; leftovers; mayonnaise; mustard; peanut butter; salad dressing; soy sauce; strawberry; tomato; yogurt,
0186_jpeg.rf.1a63c93d6fc31c1fb0ab8a24fb3b9fec.jpg,data/raw/train/images/0186_jpeg.rf.1a63c93d6fc31c1fb0ab8a24fb3b9fec.jpg,egg; carrot,carrot; leafy greens; celery; lemon; onion; radishes; milk; cheese; yogurt; butter,2,10,1,1,9,0.5,0.1,0.1667,0,0.0909,butter; celery; cheese; leafy greens; lemon; milk; onion; radishes; yogurt,egg
0192_jpeg.rf.65cf77a5a274299a69dc898654671817.jpg,data/raw/train/images/0192_jpeg.rf.65cf77a5a274299a69dc898654671817.jpg,lemon; egg; butter; tomato ketchup; milk; orange juice,lemon; egg; bread; butter; ketchup; pasta sauce; milk; orange juice; vegemite; jam jars; lime juice; produce,6,12,5,1,7,0.8333,0.4167,0.5556,0,0.3846,bread; jam jars; ketchup; lime juice; pasta sauce; produce; vegemite,tomato ketchup
01vtk6iubte51_jpg.rf.338a63065cc7d0942a1e87dbb8054459.jpg,data/raw/train/images/01vtk6iubte51_jpg.rf.338a63065cc7d0942a1e87dbb8054459.jpg,"{ ""ingredients"": []; ""uncertain_items"": [ { ""name"": ""unknown bottle""; ""reason"": ""multiple bottles in door and on shelves with unreadable labels"" }; { ""name"": ""unknown jar""; ""reason"": ""multiple jars on top shelf with unreadable labels"" }; { ""name"": ""unknown packaged item""; ""reason"": ""various containers and packages on shelves with unreadable labels"" }; { ""name"": ""leafy green vegetable""; ""reason"": ""green foliage visible in the crisper drawer"" } ] }",yogurt; mayonnaise; mustard; ketchup; salad dressing; leafy greens; leftovers; milk; cheese; jam,9,10,0,9,10,0.0,0.0,0.0,0,0.0,cheese; jam; ketchup; leafy greens; leftovers; mayonnaise; milk; mustard; salad dressing; yogurt,"""reason"": ""green foliage visible in the crisper drawer"" } ] }; ""reason"": ""multiple bottles in door and on shelves with unreadable labels"" }; ""reason"": ""multiple jars on top shelf with unreadable labels"" }; ""reason"": ""various containers and packages on shelves with unreadable labels"" }; ""uncertain_items"": [ { ""name"": ""unknown bottle""; { ""ingredients"": []; { ""name"": ""leafy green vegetable""; { ""name"": ""unknown jar""; { ""name"": ""unknown packaged item"""
0201_jpeg.rf.266d706685d63bfb42caef133b41d634.jpg,data/raw/train/images/0201_jpeg.rf.266d706685d63bfb42caef133b41d634.jpg,milk; egg; blueberry; raspberry,almond milk; yogurt; creamer; egg; cheese; diet coke; lettuce; asparagus; blueberry; raspberry,4,10,3,1,7,0.75,0.3,0.4286,0,0.2727,almond milk; asparagus; cheese; creamer; diet coke; lettuce; yogurt,milk
0207_jpeg.rf.b29797dbc5e2fee5688110f2af25c164.jpg,data/raw/train/images/0207_jpeg.rf.b29797dbc5e2fee5688110f2af25c164.jpg,milk; egg,milk; egg; yogurt; salad greens; berry; chicken broth; soy sauce; cheese; juice,2,9,2,0,7,1.0,0.2222,0.3636,0,0.2222,berry; cheese; chicken broth; juice; salad greens; soy sauce; yogurt,
0208_jpeg.rf.2f368d2d2e96123f2c80475346e8b8f9.jpg,data/raw/train/images/0208_jpeg.rf.2f368d2d2e96123f2c80475346e8b8f9.jpg,egg; cucumber; spring onion,egg; strawberry milk; milk carton; spring onion; cucumber; leafy greens; sauces; butter; cheese,3,9,3,0,6,1.0,0.3333,0.5,0,0.3333,butter; cheese; leafy greens; milk carton; sauces; strawberry milk,
0218_jpeg.rf.fc1cb739ee15fabc508be706f73b642d.jpg,data/raw/train/images/0218_jpeg.rf.fc1cb739ee15fabc508be706f73b642d.jpg,egg; milk; pickle; apple; tomato; pineapple,egg; milk; pickle; apple; pineapple; orange; onion; mayonnaise; creamer; mustard; relish; yogurt; soy sauce,6,13,5,1,8,0.8333,0.3846,0.5263,0,0.3571,creamer; mayonnaise; mustard; onion; orange; relish; soy sauce; yogurt,tomato
0227_jpeg.rf.d97f7b72c00895741837c1c1b42ab251.jpg,data/raw/train/images/0227_jpeg.rf.d97f7b72c00895741837c1c1b42ab251.jpg,butter; orange juice,butter; cheese; egg; juice; milk; yogurt; jam; pickle,2,8,1,1,7,0.5,0.125,0.2,0,0.1111,cheese; egg; jam; juice; milk; pickle; yogurt,orange juice
0229_jpeg.rf.fbc1c64f185c7df70782c1461e1adee3.jpg,data/raw/train/images/0229_jpeg.rf.fbc1c64f185c7df70782c1461e1adee3.jpg,daikon; orange,daikon; orange; napa cabbage; green cabbage; leafy greens; egg; tomato; melon; milk; purple cabbage; butter,2,11,2,0,9,1.0,0.1818,0.3077,0,0.1818,butter; egg; green cabbage; leafy greens; melon; milk; napa cabbage; purple cabbage; tomato,
0243_jpeg.rf.36643ab19493bdfba753b1d90a11a6c2.jpg,data/raw/train/images/0243_jpeg.rf.36643ab19493bdfba753b1d90a11a6c2.jpg,cucumber; cabbage; lemon; protein shake,milk; yogurt; cucumber; cabbage; lemon; egg; protein powder; protein shakes; pickle; sauces; wine; bowls of food,4,12,3,1,9,0.75,0.25,0.375,0,0.2308,bowls of food; egg; milk; pickle; protein powder; protein shakes; sauces; wine; yogurt,protein shake
0245_jpeg.rf.46422fd23ffe6981544ac760e4f2b90f.jpg,data/raw/train/images/0245_jpeg.rf.46422fd23ffe6981544ac760e4f2b90f.jpg,water; orange juice; peach tea; almond milk; egg; tomato; salmon; green grape; blueberry; raspberry; blackberry; bell pepper,water; orange juice; peach tea; lemonade; almond milk; egg; hard boiled eggs; tomato; salmon; green grape; blueberry; raspberry; blackberry; bell pepper; potato; salad greens,12,16,12,0,4,1.0,0.75,0.8571,0,0.75,hard boiled eggs; lemonade; potato; salad greens,
0253_jpeg.rf.9aa4772104bb8e40b99c63911a623870.jpg,data/raw/train/images/0253_jpeg.rf.9aa4772104bb8e40b99c63911a623870.jpg,maple syrup; coconut water; soy milk; yogurt; egg,leafy greens; maple syrup; coconut water; juice; soy milk; butter; yogurt; berry; egg; bread rolls; lemon; carrot; meat,5,13,5,0,8,1.0,0.3846,0.5556,0,0.3846,berry; bread rolls; butter; carrot; juice; leafy greens; lemon; meat,
0258_jpeg.rf.ca8d1844154a23ad6b567a9e3f8e8475.jpg,data/raw/train/images/0258_jpeg.rf.ca8d1844154a23ad6b567a9e3f8e8475.jpg,egg; butter,cheese; egg; butter; yogurt; mustard; sauces; hot sauce; soy sauce; pickle; milk; cream; leftovers; apple; onion; orange juice; water,2,16,2,0,14,1.0,0.125,0.2222,0,0.125,apple; cheese; cream; hot sauce; leftovers; milk; mustard; onion; orange juice; pickle; sauces; soy sauce; water; yogurt,
0267_jpeg.rf.e40caead453b2488068f84b5b80cf8ac.jpg,data/raw/train/images/0267_jpeg.rf.e40caead453b2488068f84b5b80cf8ac.jpg,orange juice; pickle dip,orange juice; lucky leaf spread; milk; broth carton; ketchup; pickle; zucchini; leftovers; nut butter; plant milk; green dip tub; jam,2,12,1,1,11,0.5,0.0833,0.1429,0,0.0769,broth carton; green dip tub; jam; ketchup; leftovers; lucky leaf spread; milk; nut butter; pickle; plant milk; zucchini,pickle dip
0271_jpeg.rf.216e27f5b1b99d0dab7d489471914648.jpg,data/raw/train/images/0271_jpeg.rf.216e27f5b1b99d0dab7d489471914648.jpg,egg; marmite; butter,egg; butter; marmite; milk; yogurt; sauces; juice; water,3,8,3,0,5,1.0,0.375,0.5455,0,0.375,juice; milk; sauces; water; yogurt,
0272_png.rf.246cfaac21e40c225f5e305dc07eb80e.jpg,data/raw/train/images/0272_png.rf.246cfaac21e40c225f5e305dc07eb80e.jpg,milk; lemon,milk; lemon; lettuce; wine; vodka; yogurt; mustard; hot sauce; soy sauce; meat; berry; peanut butter; pickle; mayonnaise; ketchup; hummus,2,16,2,0,14,1.0,0.125,0.2222,0,0.125,berry; hot sauce; hummus; ketchup; lettuce; mayonnaise; meat; mustard; peanut butter; pickle; soy sauce; vodka; wine; yogurt,
0278_jpeg.rf.40aa2e8ec7ae3feb5047739746b7c497.jpg,data/raw/train/images/0278_jpeg.rf.40aa2e8ec7ae3feb5047739746b7c497.jpg,milk; egg,milk; egg; yogurt; butter; cheese; mayonnaise; mustard; ketchup; hot sauce; soy sauce; salad dressing; jam; lettuce; peppers; zucchini; salad,2,16,2,0,14,1.0,0.125,0.2222,0,0.125,butter; cheese; hot sauce; jam; ketchup; lettuce; mayonnaise; mustard; peppers; salad; salad dressing; soy sauce; yogurt; zucchini,
0286_jpeg.rf.080f26cb5f6f38997549dbe8c5fff3ba.jpg,data/raw/train/images/0286_jpeg.rf.080f26cb5f6f38997549dbe8c5fff3ba.jpg,egg,egg; milk; juice; butter; mayonnaise; mustard; jam; pickle; salad dressing; carrot; spring onion; yogurt; cheese; meat,1,14,1,0,13,1.0,0.0714,0.1333,0,0.0714,butter; carrot; cheese; jam; juice; mayonnaise; meat; milk; mustard; pickle; salad dressing; spring onion; yogurt,
0289_jpeg.rf.4acbb651481a462ffd3323adc9c88e44.jpg,data/raw/train/images/0289_jpeg.rf.4acbb651481a462ffd3323adc9c88e44.jpg,egg; grape; strawberry; bell pepper; orange juice; lemon; tomato; tangerine; eggplant,egg; green grapes; strawberry; bell pepper; orange juice; yogurt; lemon; tomato; orange; eggplant; nuts; bagged vegetables,9,12,7,2,5,0.7778,0.5833,0.6667,0,0.5,bagged vegetables; green grapes; nuts; orange; yogurt,grape; tangerine
0305_jpeg.rf.d1a14d779cceee0c3351b228744cbf8d.jpg,data/raw/train/images/0305_jpeg.rf.d1a14d779cceee0c3351b228744cbf8d.jpg,mayonnaise,mayonnaise; lettuce; yogurt; pickle; milk; juice; meat; cheese; berry; salad dressing; mustard; relish,1,12,1,0,11,1.0,0.0833,0.1538,0,0.0833,berry; cheese; juice; lettuce; meat; milk; mustard; pickle; relish; salad dressing; yogurt,
0306_jpeg.rf.55d0df761dfcc9c2bc682f5b53086b8f.jpg,data/raw/train/images/0306_jpeg.rf.55d0df761dfcc9c2bc682f5b53086b8f.jpg,egg; milk; cucumber; bell pepper,egg; butter; yogurt; pickle; sauces; ketchup; mustard; milk cartons; soda cans; lettuce; cucumber; bell pepper; jam,4,13,3,1,10,0.75,0.2308,0.3529,0,0.2143,butter; jam; ketchup; lettuce; milk cartons; mustard; pickle; sauces; soda cans; yogurt,milk
0316_jpeg.rf.9bf9289ad8573728f0bde7c8d320da8f.jpg,data/raw/train/images/0316_jpeg.rf.9bf9289ad8573728f0bde7c8d320da8f.jpg,apple; lemon; lime; water; grape; almond milk; juice; iced tea; bell pepper; chili pepper; egg,apple; lemon; lime; water; grape; almond milk; juice; iced tea; bell pepper; chili pepper; egg; celery,11,12,11,0,1,1.0,0.9167,0.9565,0,0.9167,celery,
0317_jpeg.rf.2e5f32dc2d15cb1fdae6a6fad926a2f8.jpg,data/raw/train/images/0317_jpeg.rf.2e5f32dc2d15cb1fdae6a6fad926a2f8.jpg,egg; sour cream; milk; butter,butter; mustard; vinegar; soy sauce; worcestershire sauce; pickle; olive; milk; cream; juice; jam; apple; broccoli; egg; sour cream; strawberry; yogurt,4,17,4,0,13,1.0,0.2353,0.381,0,0.2353,apple; broccoli; cream; jam; juice; mustard; olive; pickle; soy sauce; strawberry; vinegar; worcestershire sauce; yogurt,
0320_jpeg.rf.90f595559ab0b25895554f4911729cb3.jpg,data/raw/train/images/0320_jpeg.rf.90f595559ab0b25895554f4911729cb3.jpg,milk; orange; apple; water,orange; apple; water; juice; iced tea; cream; yogurt; cheese; wine; leftovers,4,10,3,1,7,0.75,0.3,0.4286,0,0.2727,cheese; cream; iced tea; juice; leftovers; wine; yogurt,milk
0323_jpeg.rf.766f6e553dfe143bb6600901f77f97f5.jpg,data/raw/train/images/0323_jpeg.rf.766f6e553dfe143bb6600901f77f97f5.jpg,orange juice; cola; cucumber; onion; butter,energy drink; lemon juice; jars; leftovers; butter; yogurt; egg; cola; white wine; mustard; fanta; lettuce; cucumber; red onions,5,14,3,2,11,0.6,0.2143,0.3158,0,0.1875,egg; energy drink; fanta; jars; leftovers; lemon juice; lettuce; mustard; red onions; white wine; yogurt,onion; orange juice
0343_jpeg.rf.754ff21efa4100a8e8ce89a16382c682.jpg,data/raw/train/images/0343_jpeg.rf.754ff21efa4100a8e8ce89a16382c682.jpg,milk; cheese; cola; orange juice,milk; chocolate oat milk; whipped cream; bread; yogurt; carrot; berry; egg; herbs; inca kola; orange; peppers; sauces,4,13,1,3,12,0.25,0.0769,0.1176,0,0.0625,berry; bread; carrot; chocolate oat milk; egg; herbs; inca kola; orange; peppers; sauces; whipped cream; yogurt,cheese; cola; orange juice
0354_jpeg.rf.7eac20122ec4f2f1eedb42a99183e110.jpg,data/raw/train/images/0354_jpeg.rf.7eac20122ec4f2f1eedb42a99183e110.jpg,milk,milk; soda cans; egg; butter; water; cheese; yogurt; meat; leftovers; juice,1,10,1,0,9,1.0,0.1,0.1818,0,0.1,butter; cheese; egg; juice; leftovers; meat; soda cans; water; yogurt,
0360_jpeg.rf.69d5efd8dbe1d1c5c7c9743651455390.jpg,data/raw/train/images/0360_jpeg.rf.69d5efd8dbe1d1c5c7c9743651455390.jpg,mayonnaise; lemon juice; egg; bread,mayonnaise; lemon juice; bread; egg; lettuce; butter; meat; yogurt,4,8,4,0,4,1.0,0.5,0.6667,0,0.5,butter; lettuce; meat; yogurt,
0360oa1pt7b91_jpg.rf.2202c8ae99901355aeffa97628d22442.jpg,data/raw/train/images/0360oa1pt7b91_jpg.rf.2202c8ae99901355aeffa97628d22442.jpg,milk; half & half; celery,half & half; milk; lime juice; ketchup; hot sauce; soy sauce; pickle; mustard; mayonnaise; yogurt; sour cream; leftovers; celery; avocado; lettuce; carrot; lemon; butter,3,18,3,0,15,1.0,0.1667,0.2857,0,0.1667,avocado; butter; carrot; hot sauce; ketchup; leftovers; lemon; lettuce; lime juice; mayonnaise; mustard; pickle; sour cream; soy sauce; yogurt,
0361_jpeg.rf.56e9b825780767a6e20601e161910de9.jpg,data/raw/train/images/0361_jpeg.rf.56e9b825780767a6e20601e161910de9.jpg,bell pepper; tomato; egg; cherry,egg; butter; brussels sprouts; carrot; bell pepper; tomato; lettuce; broccoli; radishes; blueberry; red grapes,4,11,3,1,8,0.75,0.2727,0.4,0,0.25,blueberry; broccoli; brussels sprouts; butter; carrot; lettuce; radishes; red grapes,cherry
0370_jpeg.rf.7021079d2f61bbe1864a33bdfe21f3d0.jpg,data/raw/train/images/0370_jpeg.rf.7021079d2f61bbe1864a33bdfe21f3d0.jpg,milk; watermelon; cucumber; butter; energy drink,milk; oil; watermelon; vinegar; energy drink; water; cucumber; egg; cheese; yogurt; carrot; meat,5,12,4,1,8,0.8,0.3333,0.4706,0,0.3077,carrot; cheese; egg; meat; oil; vinegar; water; yogurt,butter
0372_jpeg.rf.81d90a1ace5cc2289a72d66d65784b10.jpg,data/raw/train/images/0372_jpeg.rf.81d90a1ace5cc2289a72d66d65784b10.jpg,egg; bell pepper,bread; butter; milk; juice; salsa; mustard; mayonnaise; ketchup; salad dressing; tomato; zucchini; cream cheese; packaged meat; salad greens; pickle; relish; jam; yogurt,2,18,0,2,18,0.0,0.0,0.0,0,0.0,bread; butter; cream cheese; jam; juice; ketchup; mayonnaise; milk; mustard; packaged meat; pickle; relish; salad dressing; salad greens; salsa; tomato; yogurt; zucchini,bell pepper; egg
0386_jpeg.rf.af46e9b268139841185bd627f4c47d3d.jpg,data/raw/train/images/0386_jpeg.rf.af46e9b268139841185bd627f4c47d3d.jpg,egg; apple; mango; cheese,egg; apple; dragon fruit; potato; carrot; butter; cream cheese; yogurt; milk cartons; cheese; water bottles; snacks,4,12,3,1,9,0.75,0.25,0.375,0,0.2308,butter; carrot; cream cheese; dragon fruit; milk cartons; potato; snacks; water bottles; yogurt,mango
0391_jpeg.rf.188088d452a7457c0eb83ae7dab0464c.jpg,data/raw/train/images/0391_jpeg.rf.188088d452a7457c0eb83ae7dab0464c.jpg,flour; egg; hoist hydration,yogurt; flour; egg; berry; ketchup; protein drinks; beer; jam,3,8,2,1,6,0.6667,0.25,0.3636,0,0.2222,beer; berry; jam; ketchup; protein drinks; yogurt,hoist hydration
0395_jpeg.rf.bbbf579e64f7eb81a5c82567ff6211e3.jpg,data/raw/train/images/0395_jpeg.rf.bbbf579e64f7eb81a5c82567ff6211e3.jpg,almond milk; water; lemon; lime; tomato; green bean; bell pepper; cucumber; carrot; egg; mixed greens; dill pickle; turkey breast; sausage,almond milk; water; orange juice; applesauce; lemon; lime; tomato; green bean; bell pepper; red potato; zucchini; butter; carrot; egg; mixed greens; dill pickle; turkey breast; sausage,14,18,13,1,5,0.9286,0.7222,0.8125,0,0.6842,applesauce; butter; orange juice; red potato; zucchini,cucumber
0398_jpeg.rf.1dafea71f6ad82bd0cdb6f5d47f1cca1.jpg,data/raw/train/images/0398_jpeg.rf.1dafea71f6ad82bd0cdb6f5d47f1cca1.jpg,orange,orange; carrot; strawberry; blueberry; grape; peaches; cheese; egg; juice; milk; soda cans; meat; butter,1,13,1,0,12,1.0,0.0769,0.1429,0,0.0769,blueberry; butter; carrot; cheese; egg; grape; juice; meat; milk; peaches; soda cans; strawberry,
0413_jpeg.rf.2bbb16931d9341486de808f3ad7ff27f.jpg,data/raw/train/images/0413_jpeg.rf.2bbb16931d9341486de808f3ad7ff27f.jpg,milk; cucumber,milk; cucumber; egg; bell pepper; lettuce; carrot; yogurt; chocolate truffles,2,8,2,0,6,1.0,0.25,0.4,0,0.25,bell pepper; carrot; chocolate truffles; egg; lettuce; yogurt,
0421_jpeg.rf.0e40dbe27868736f216d08e9b3e11ba5.jpg,data/raw/train/images/0421_jpeg.rf.0e40dbe27868736f216d08e9b3e11ba5.jpg,tomato ketchup; egg; milk; lemon,tomato ketchup; egg; milk; lemon; water bottles; coca-cola cans; coca-cola box; yogurt; mustard; guinness; salad dressing; shrimp,4,12,4,0,8,1.0,0.3333,0.5,0,0.3333,coca-cola box; coca-cola cans; guinness; mustard; salad dressing; shrimp; water bottles; yogurt,
042ntazw3v7e1_jpeg.rf.fcf3d430eedaf94855d6555c979e5e78.jpg,data/raw/train/images/042ntazw3v7e1_jpeg.rf.fcf3d430eedaf94855d6555c979e5e78.jpg,apple; grape; egg; boursin cheese; activia yogurt; carrot,apple; carrot; lettuce; grape; boursin cheese; cheese; egg; mustard; jar (relish/pickles); sour cream tub; small yogurt cups; bottom shelf yogurt/snacks,6,12,5,1,7,0.8333,0.4167,0.5556,0,0.3846,bottom shelf yogurt/snacks; cheese; jar (relish/pickles); lettuce; mustard; small yogurt cups; sour cream tub,activia yogurt
0435_jpeg.rf.4fe89985d4a631dc7741a6750c77f383.jpg,data/raw/train/images/0435_jpeg.rf.4fe89985d4a631dc7741a6750c77f383.jpg,lemon; carrot; broccoli; cream cheese,pot; box; cabbage; lemon; salad bag; spinach; egg; dip; cream cheese; jam; yogurt; meat; sausage; butter; carrot; broccoli; cauliflower; lettuce; sauce bottle,4,19,4,0,15,1.0,0.2105,0.3478,0,0.2105,box; butter; cabbage; cauliflower; dip; egg; jam; lettuce; meat; pot; salad bag; sauce bottle; sausage; spinach; yogurt,
0445_jpeg.rf.a14835f194d07bb64416e023d0b8d446.jpg,data/raw/train/images/0445_jpeg.rf.a14835f194d07bb64416e023d0b8d446.jpg,milk,milk; egg; ketchup; soda; leftovers; soy sauce; wine; bread; cooked food; protein powder,1,10,1,0,9,1.0,0.1,0.1818,0,0.1,bread; cooked food; egg; ketchup; leftovers; protein powder; soda; soy sauce; wine,
0450_jpeg.rf.8282b09c9d5822145ecdd010a506e0ed.jpg,data/raw/train/images/0450_jpeg.rf.8282b09c9d5822145ecdd010a506e0ed.jpg,egg; milk,egg; packaged meat; salad; yogurt; milk; juice; pickle; water pitcher; zucchini; foil wrapped food; bowl; butter,2,12,2,0,10,1.0,0.1667,0.2857,0,0.1667,bowl; butter; foil wrapped food; juice; packaged meat; pickle; salad; water pitcher; yogurt; zucchini,
0471_jpeg.rf.821a7cefd173e4a20fb5cef4ce59a082.jpg,data/raw/train/images/0471_jpeg.rf.821a7cefd173e4a20fb5cef4ce59a082.jpg,green grape; milk; egg; carrot; green bean,green grapes; blueberry; milk; egg; carrot; green bean; pasta; bell pepper; juice,5,9,4,1,5,0.8,0.4444,0.5714,0,0.4,bell pepper; blueberry; green grapes; juice; pasta,green grape
0477_jpeg.rf.4852e53f28581190e18606268c31a94f.jpg,data/raw/train/images/0477_jpeg.rf.4852e53f28581190e18606268c31a94f.jpg,cheese; artichoke heart; egg; lemon; apricot; asparagus; butter,cheese; pickle; yogurt; apricots; artichoke hearts; bread; egg; lemon; pesto; butter; lemonade; kefir; mustard; herb vinegar; asparagus; spring onion; chard; jams,7,18,5,2,13,0.7143,0.2778,0.4,0,0.25,apricots; artichoke hearts; bread; chard; herb vinegar; jams; kefir; lemonade; mustard; pesto; pickle; spring onion; yogurt,apricot; artichoke heart
0478_jpeg.rf.af2cffc1b6ac09510104bb9b237fdc95.jpg,data/raw/train/images/0478_jpeg.rf.af2cffc1b6ac09510104bb9b237fdc95.jpg,egg; sour cream,egg; sour cream; celery; water pitcher; mustard; yogurt; jars; cans; bottles; bread; meat,2,11,2,0,9,1.0,0.1818,0.3077,0,0.1818,bottles; bread; cans; celery; jars; meat; mustard; water pitcher; yogurt,
0487_jpeg.rf.02a065a1f108df186284da90d8d1aab9.jpg,data/raw/train/images/0487_jpeg.rf.02a065a1f108df186284da90d8d1aab9.jpg,egg; milk,egg; butter; yogurt; grape; cauliflower; creamer; hummus; berry; meat; orange; peppers; hot sauce; soy sauce; ketchup; mustard; mayonnaise; pickle; jam; cheese,2,19,1,1,18,0.5,0.0526,0.0952,0,0.05,berry; butter; cauliflower; cheese; creamer; grape; hot sauce; hummus; jam; ketchup; mayonnaise; meat; mustard; orange; peppers; pickle; soy sauce; yogurt,milk
0489_jpeg.rf.82ee9133546a258b5abde35895631f4f.jpg,data/raw/train/images/0489_jpeg.rf.82ee9133546a258b5abde35895631f4f.jpg,banana; lime; milk,banana; strawberry; blueberry; egg; milk cartons; juice; chicken fillets; cheese; yogurt; jars of sauce; pickle; avocado,3,12,1,2,11,0.3333,0.0833,0.1333,0,0.0714,avocado; blueberry; cheese; chicken fillets; egg; jars of sauce; juice; milk cartons; pickle; strawberry; yogurt,lime; milk
0497_jpeg.rf.3165d09a033f8ab59b3d7632b573675f.jpg,data/raw/train/images/0497_jpeg.rf.3165d09a033f8ab59b3d7632b573675f.jpg,milk; mustard,milk; mustard; grape; cheese; carrot; yogurt; ketchup; salad dressing; water; juice; hummus; mayonnaise; pickle,2,13,2,0,11,1.0,0.1538,0.2667,0,0.1538,carrot; cheese; grape; hummus; juice; ketchup; mayonnaise; pickle; salad dressing; water; yogurt,
0506_jpeg.rf.589822189752d02d3d25e69c0985a62a.jpg,data/raw/train/images/0506_jpeg.rf.589822189752d02d3d25e69c0985a62a.jpg,egg; chicken broth; mayonnaise; chobani yogurt,egg; mayonnaise; chobani yogurt; syrup; mustard; pickle; orange juice; cold brew coffee; water bottles; salad dressings; leftover containers; soda cans,4,12,3,1,9,0.75,0.25,0.375,0,0.2308,cold brew coffee; leftover containers; mustard; orange juice; pickle; salad dressings; soda cans; syrup; water bottles,chicken broth
0507_jpeg.rf.a6238fc93a50d374c030eb8312f2d5ab.jpg,data/raw/train/images/0507_jpeg.rf.a6238fc93a50d374c030eb8312f2d5ab.jpg,milk; orange juice; bell pepper,milk; bell pepper; orange; egg; red onions; cabbage; yogurt; berry; leftovers,3,9,2,1,7,0.6667,0.2222,0.3333,0,0.2,berry; cabbage; egg; leftovers; orange; red onions; yogurt,orange juice
0514_jpeg.rf.174cef98f0e5e528dffb17453dae3713.jpg,data/raw/train/images/0514_jpeg.rf.174cef98f0e5e528dffb17453dae3713.jpg,egg; yogurt; butter; bell pepper; mint,watermelon; berry; yellow fruit; celery; yogurt; egg; butter; soy sauce; mustard; jam; cheese; meat; sparkling water; cilantro; bell pepper; green bean; zucchini,5,17,4,1,13,0.8,0.2353,0.3636,0,0.2222,berry; celery; cheese; cilantro; green bean; jam; meat; mustard; soy sauce; sparkling water; watermelon; yellow fruit; zucchini,mint
0515_jpeg.rf.947c47e165d2e1172410e5c63747e350.jpg,data/raw/train/images/0515_jpeg.rf.947c47e165d2e1172410e5c63747e350.jpg,egg; coconut milk; kefir; kimchi; salmon; banana; orange; mango; apple,egg; coconut milk; kefir; kimchi; salmon; banana; orange; mango; apple; jam; creamer; yogurt; pickle; cheese; olive oil spray; bacon; salad; ground beef,9,18,9,0,9,1.0,0.5,0.6667,0,0.5,bacon; cheese; creamer; ground beef; jam; olive oil spray; pickle; salad; yogurt,
0517_jpeg.rf.8cc50b2be27a4a77731d68638b8449a9.jpg,data/raw/train/images/0517_jpeg.rf.8cc50b2be27a4a77731d68638b8449a9.jpg,apple; milk; maple syrup; egg,yogurt; leftovers; strawberry; beer; almond milk; apple; blueberry; meat; egg; maple syrup; jam; juice; mustard; soy sauce; ketchup,4,15,3,1,12,0.75,0.2,0.3158,0,0.1875,almond milk; beer; blueberry; jam; juice; ketchup; leftovers; meat; mustard; soy sauce; strawberry; yogurt,milk
0527_jpeg.rf.fdf5ffdee30d03e75acc173ff8d612d4.jpg,data/raw/train/images/0527_jpeg.rf.fdf5ffdee30d03e75acc173ff8d612d4.jpg,egg,egg; yogurt; cream cheese; apple; packaged meat; leftovers; butter,1,7,1,0,6,1.0,0.1429,0.25,0,0.1429,apple; butter; cream cheese; leftovers; packaged meat; yogurt,
0535_jpeg.rf.352f332a7d0f36868eb9ef0f005ca3a0.jpg,data/raw/train/images/0535_jpeg.rf.352f332a7d0f36868eb9ef0f005ca3a0.jpg,egg; milk; cold brew coffee; mayonnaise; pickle; apple; bread,egg; cold brew coffee; milk; oat milk; mustard; butter; berry; bread rolls; sparkling water; salad greens; yogurt; apple; lemon; lime; mayonnaise; pickle; cheese; meat; ketchup; hot sauce; soy sauce; salad dressing,7,22,6,1,16,0.8571,0.2727,0.4138,0,0.2609,berry; bread rolls; butter; cheese; hot sauce; ketchup; lemon; lime; meat; mustard; oat milk; salad dressing; salad greens; soy sauce; sparkling water; yogurt,bread
0547_jpeg.rf.2469d04b30bcba697654d0b15f41025c.jpg,data/raw/train/images/0547_jpeg.rf.2469d04b30bcba697654d0b15f41025c.jpg,egg; water,milk; water pitcher; water bottles; egg; yogurt; sauces; lettuce; ketchup; mustard; juice carton; leftovers,2,11,1,1,10,0.5,0.0909,0.1538,0,0.0833,juice carton; ketchup; leftovers; lettuce; milk; mustard; sauces; water bottles; water pitcher; yogurt,water
0550_jpeg.rf.2eb4673f40e51f46ee9bb2f7330ac955.jpg,data/raw/train/images/0550_jpeg.rf.2eb4673f40e51f46ee9bb2f7330ac955.jpg,egg; lemon; lime,egg; lemon; lime; milk; yogurt; mayonnaise; butter; cheese; salad greens; lettuce; sauces; oils; pickle; leftovers; wine,3,15,3,0,12,1.0,0.2,0.3333,0,0.2,butter; cheese; leftovers; lettuce; mayonnaise; milk; oils; pickle; salad greens; sauces; wine; yogurt,
0558_jpeg.rf.30506dc59920af283a45c9806f1908fb.jpg,data/raw/train/images/0558_jpeg.rf.30506dc59920af283a45c9806f1908fb.jpg,milk; egg; tomato; cabbage; cucumber,milk; egg; cabbage; lettuce; onion; mushroom; sausage; green bean; tangerines; banana; water; mustard,5,12,3,2,9,0.6,0.25,0.3529,0,0.2143,banana; green bean; lettuce; mushroom; mustard; onion; sausage; tangerines; water,cucumber; tomato
0560_jpeg.rf.3925d2f3e36e82c37b8df8048f04d91e.jpg,data/raw/train/images/0560_jpeg.rf.3925d2f3e36e82c37b8df8048f04d91e.jpg,egg; milk,popsicles; frozen food boxes; yogurt tub; produce bags; hummus; meat package; water; juice carton; iced tea pitcher; egg; leftover container; milk cartons; soda bottle,2,13,1,1,12,0.5,0.0769,0.1333,0,0.0714,frozen food boxes; hummus; iced tea pitcher; juice carton; leftover container; meat package; milk cartons; popsicles; produce bags; soda bottle; water; yogurt tub,milk
0571_jpeg.rf.20ca8024ade42ec869b5223bb8ac56fb.jpg,data/raw/train/images/0571_jpeg.rf.20ca8024ade42ec869b5223bb8ac56fb.jpg,mayonnaise,chocolate syrup; mustard; mayonnaise; frozen meat; butter; salad dressing; liquor; soy sauce; hot sauce; cheese; cream cheese; lime juice,1,12,1,0,11,1.0,0.0833,0.1538,0,0.0833,butter; cheese; chocolate syrup; cream cheese; frozen meat; hot sauce; lime juice; liquor; mustard; salad dressing; soy sauce,
0572_jpeg.rf.56992fd36608b0bf20530f89000173ed.jpg,data/raw/train/images/0572_jpeg.rf.56992fd36608b0bf20530f89000173ed.jpg,orange; cucumber,orange; leafy greens; water; sriracha sauce; lillet; lime; cucumber; tomato; prepared food containers,2,9,2,0,7,1.0,0.2222,0.3636,0,0.2222,leafy greens; lillet; lime; prepared food containers; sriracha sauce; tomato; water,
0573_jpeg.rf.5451eeb592e6363c19f6ab352bb7c94a.jpg,data/raw/train/images/0573_jpeg.rf.5451eeb592e6363c19f6ab352bb7c94a.jpg,egg; orange,egg; orange; milk; cream; butter; beer; berry; salad greens; sauces; meat; pickle,2,11,2,0,9,1.0,0.1818,0.3077,0,0.1818,beer; berry; butter; cream; meat; milk; pickle; salad greens; sauces,
